dataset,epsilon,model,accuracy_mean,accuracy_std,n_runs,mia_attack_acc,time,Winner
Iris,0.1,Non-private GB,0.8866666666666665,0.046027367060462177,10,0.5625,,DP-GB wins
Iris,0.1,DP-GB One-Ball,0.3466666666666667,0.16305721180305902,10,0.5625,0.002358675003051758,DP-GB wins
Iris,0.1,DP-GB Multi-Ball,0.3622222222222222,0.07306347654566041,10,0.5625,,DP-GB wins
Iris,0.1,DP-k-means,0.6977777777777778,0.15305933651308945,10,0.5625,,DP-GB wins
Iris,0.1,DP-Logistic,0.13111111111111112,0.03362832433427013,10,0.5625,,DP-GB wins
Iris,0.1,DP-Naive Bayes,0.3088888888888889,0.07058835633008262,10,0.5625,,DP-GB wins
Iris,0.1,DP-kNN (k=5),0.3577777777777778,0.06242031957861395,10,0.5625,,DP-GB wins
Iris,0.5,Non-private GB,0.8866666666666665,0.046027367060462177,10,0.5708333333333333,,DP-GB wins
Iris,0.5,DP-GB One-Ball,0.6533333333333334,0.12098362301169954,10,0.5708333333333333,0.002358675003051758,DP-GB wins
Iris,0.5,DP-GB Multi-Ball,0.52,0.12499876542600208,10,0.5708333333333333,,DP-GB wins
Iris,0.5,DP-k-means,0.6844444444444444,0.0679869268479038,10,0.5708333333333333,,DP-GB wins
Iris,0.5,DP-Logistic,0.23555555555555557,0.028458329944145988,10,0.5708333333333333,,DP-GB wins
Iris,0.5,DP-Naive Bayes,0.024444444444444446,0.02096440251568134,10,0.5708333333333333,,DP-GB wins
Iris,0.5,DP-kNN (k=5),0.4533333333333333,0.04786813161897337,10,0.5708333333333333,,DP-GB wins
Iris,1.0,Non-private GB,0.8866666666666665,0.046027367060462177,10,0.5666666666666667,,DP-GB wins
Iris,1.0,DP-GB One-Ball,0.7866666666666666,0.08955307413159948,10,0.5666666666666667,0.002358675003051758,DP-GB wins
Iris,1.0,DP-GB Multi-Ball,0.5955555555555556,0.1829254722422816,10,0.5666666666666667,,DP-GB wins
Iris,1.0,DP-k-means,0.6822222222222223,0.04559618784151822,10,0.5666666666666667,,DP-GB wins
Iris,1.0,DP-Logistic,0.34444444444444444,0.02675909906398289,10,0.5666666666666667,,DP-GB wins
Iris,1.0,DP-Naive Bayes,0.23777777777777778,0.11245849714559997,10,0.5666666666666667,,DP-GB wins
Iris,1.0,DP-kNN (k=5),0.5422222222222223,0.06531972647421809,10,0.5666666666666667,,DP-GB wins
Iris,2.0,Non-private GB,0.8866666666666665,0.046027367060462177,10,0.5625,,DP-GB wins
Iris,2.0,DP-GB One-Ball,0.8933333333333333,0.05946261404559846,10,0.5625,0.002358675003051758,DP-GB wins
Iris,2.0,DP-GB Multi-Ball,0.7555555555555555,0.08999314102807372,10,0.5625,,DP-GB wins
Iris,2.0,DP-k-means,0.7377777777777779,0.07423685817106697,10,0.5625,,DP-GB wins
Iris,2.0,DP-Logistic,0.33333333333333337,5.551115123125783e-17,10,0.5625,,DP-GB wins
Iris,2.0,DP-Naive Bayes,0.8177777777777779,0.0341384255460827,10,0.5625,,DP-GB wins
Iris,2.0,DP-kNN (k=5),0.7711111111111112,0.06595920924291479,10,0.5625,,DP-GB wins
Wine,0.1,Non-private GB,0.9574074074074075,0.02037037037037038,10,,,DP-GB wins
Wine,0.1,DP-GB One-Ball,0.35555555555555557,0.04040263746161376,10,,0.0010876655578613281,DP-GB wins
Wine,0.1,DP-GB Multi-Ball,0.3666666666666667,0.027216552697590882,10,,,DP-GB wins
Wine,0.1,DP-k-means,0.6129629629629629,0.06385533203543209,10,,,DP-GB wins
Wine,0.1,DP-Logistic,0.39444444444444443,0.034196639467813685,10,,,DP-GB wins
Wine,0.1,DP-Naive Bayes,0.6425925925925926,0.26669881493459463,10,,,DP-GB wins
Wine,0.1,DP-kNN (k=5),0.32962962962962966,0.04444444444444445,10,,,DP-GB wins
Wine,0.5,Non-private GB,0.9574074074074075,0.02037037037037038,10,,,DP-GB wins
Wine,0.5,DP-GB One-Ball,0.4574074074074074,0.10607409993792359,10,,0.0010876655578613281,DP-GB wins
Wine,0.5,DP-GB Multi-Ball,0.35185185185185186,0.05171940756951459,10,,,DP-GB wins
Wine,0.5,DP-k-means,0.5351851851851852,0.06851851851851852,10,,,DP-GB wins
Wine,0.5,DP-Logistic,0.4166666666666667,0.047754803548991205,10,,,DP-GB wins
Wine,0.5,DP-Naive Bayes,0.5203703703703704,0.21363822091935175,10,,,DP-GB wins
Wine,0.5,DP-kNN (k=5),0.44074074074074077,0.0359087396845654,10,,,DP-GB wins
Wine,1.0,Non-private GB,0.9574074074074075,0.02037037037037038,10,,,DP-GB wins
Wine,1.0,DP-GB One-Ball,0.674074074074074,0.10547430271035661,10,,0.0010876655578613281,DP-GB wins
Wine,1.0,DP-GB Multi-Ball,0.4222222222222222,0.15752718754175363,10,,,DP-GB wins
Wine,1.0,DP-k-means,0.5611111111111111,0.09800828609184624,10,,,DP-GB wins
Wine,1.0,DP-Logistic,0.40370370370370373,0.05158662324883007,10,,,DP-GB wins
Wine,1.0,DP-Naive Bayes,0.5166666666666667,0.06544665572989737,10,,,DP-GB wins
Wine,1.0,DP-kNN (k=5),0.5796296296296296,0.03419663946781367,10,,,DP-GB wins
Wine,2.0,Non-private GB,0.9574074074074075,0.02037037037037038,10,,,DP-GB wins
Wine,2.0,DP-GB One-Ball,0.8777777777777777,0.08534606386520675,10,,0.0010876655578613281,DP-GB wins
Wine,2.0,DP-GB Multi-Ball,0.5925925925925927,0.11857637476727498,10,,,DP-GB wins
Wine,2.0,DP-k-means,0.5685185185185185,0.09870561460175133,10,,,DP-GB wins
Wine,2.0,DP-Logistic,0.37777777777777777,0.022222222222222233,10,,,DP-GB wins
Wine,2.0,DP-Naive Bayes,0.3907407407407408,0.13543862594982628,10,,,DP-GB wins
Wine,2.0,DP-kNN (k=5),0.7555555555555555,0.044444444444444425,10,,,DP-GB wins
Breast Cancer,0.1,Non-private GB,0.9391812865497077,0.018713450292397668,10,,,DP-GB wins
Breast Cancer,0.1,DP-GB One-Ball,0.6011695906432749,0.0736842105263158,10,,0.0009756088256835938,DP-GB wins
Breast Cancer,0.1,DP-GB Multi-Ball,0.5239766081871344,0.12228236579479179,10,,,DP-GB wins
Breast Cancer,0.1,DP-k-means,0.6251461988304093,0.0017543859649122972,10,,,DP-GB wins
Breast Cancer,0.1,DP-Logistic,0.5871345029239767,0.023421034379533082,10,,,DP-GB wins
Breast Cancer,0.1,DP-Naive Bayes,0.5830409356725146,0.15867362577667524,10,,,DP-GB wins
Breast Cancer,0.1,DP-kNN (k=5),0.5093567251461988,0.02568443421754124,10,,,DP-GB wins
Breast Cancer,0.5,Non-private GB,0.9391812865497077,0.018713450292397668,10,,,DP-GB wins
Breast Cancer,0.5,DP-GB One-Ball,0.8187134502923976,0.08666027393142783,10,,0.0009756088256835938,DP-GB wins
Breast Cancer,0.5,DP-GB Multi-Ball,0.656140350877193,0.15380895184100074,10,,,DP-GB wins
Breast Cancer,0.5,DP-k-means,0.6883040935672514,0.053982025033422656,10,,,DP-GB wins
Breast Cancer,0.5,DP-Logistic,0.5719298245614035,0.029680883135554434,10,,,DP-GB wins
Breast Cancer,0.5,DP-Naive Bayes,0.7076023391812866,0.11587214250149251,10,,,DP-GB wins
Breast Cancer,0.5,DP-kNN (k=5),0.5900584795321637,0.036091869296396406,10,,,DP-GB wins
Breast Cancer,1.0,Non-private GB,0.9391812865497077,0.018713450292397668,10,,,DP-GB wins
Breast Cancer,1.0,DP-GB One-Ball,0.923391812865497,0.013450292397660817,10,,0.0009756088256835938,DP-GB wins
Breast Cancer,1.0,DP-GB Multi-Ball,0.7315789473684211,0.0920360828097831,10,,,DP-GB wins
Breast Cancer,1.0,DP-k-means,0.6350877192982456,0.024421769611486673,10,,,DP-GB wins
Breast Cancer,1.0,DP-Logistic,0.5362573099415204,0.027559933726194575,10,,,DP-GB wins
Breast Cancer,1.0,DP-Naive Bayes,0.7023391812865497,0.15747073240849535,10,,,DP-GB wins
Breast Cancer,1.0,DP-kNN (k=5),0.7192982456140351,0.03127425019209575,10,,,DP-GB wins
Breast Cancer,2.0,Non-private GB,0.9391812865497077,0.018713450292397668,10,,,DP-GB wins
Breast Cancer,2.0,DP-GB One-Ball,0.9397660818713451,0.010477469512964264,10,,0.0009756088256835938,DP-GB wins
Breast Cancer,2.0,DP-GB Multi-Ball,0.8830409356725145,0.05975223286289965,10,,,DP-GB wins
Breast Cancer,2.0,DP-k-means,0.6245614035087719,0.004376207469911039,10,,,DP-GB wins
Breast Cancer,2.0,DP-Logistic,0.6064327485380117,0.017553603531934078,10,,,DP-GB wins
Breast Cancer,2.0,DP-Naive Bayes,0.7736842105263158,0.05360056677427944,10,,,DP-GB wins
Breast Cancer,2.0,DP-kNN (k=5),0.8584795321637427,0.02727930711038736,10,,,DP-GB wins
Synthetic Blobs,0.1,Non-private GB,1.0,0.0,10,,,DP-GB wins
Synthetic Blobs,0.1,DP-GB One-Ball,0.8113333333333331,0.24747704719607608,10,,0.0010523796081542969,DP-GB wins
Synthetic Blobs,0.1,DP-GB Multi-Ball,0.5826666666666667,0.2512227873599226,10,,,DP-GB wins
Synthetic Blobs,0.1,DP-k-means,0.9559999999999998,0.0984863216673034,10,,,DP-GB wins
Synthetic Blobs,0.1,DP-Logistic,0.2,0.027968235951204044,10,,,DP-GB wins
Synthetic Blobs,0.1,DP-Naive Bayes,0.184,0.0890043694308194,10,,,DP-GB wins
Synthetic Blobs,0.1,DP-kNN (k=5),0.36866666666666664,0.05766184950978323,10,,,DP-GB wins
Synthetic Blobs,0.5,Non-private GB,1.0,0.0,10,,,DP-GB wins
Synthetic Blobs,0.5,DP-GB One-Ball,1.0,0.0,10,,0.0010523796081542969,DP-GB wins
Synthetic Blobs,0.5,DP-GB Multi-Ball,0.9926666666666668,0.012092238098144692,10,,,DP-GB wins
Synthetic Blobs,0.5,DP-k-means,0.9986666666666666,0.002666666666666684,10,,,DP-GB wins
Synthetic Blobs,0.5,DP-Logistic,0.9446666666666665,0.01910206504252589,10,,,DP-GB wins
Synthetic Blobs,0.5,DP-Naive Bayes,0.9933333333333334,0.006666666666666665,10,,,DP-GB wins
Synthetic Blobs,0.5,DP-kNN (k=5),0.4646666666666667,0.03266666666666667,10,,,DP-GB wins
Synthetic Blobs,1.0,Non-private GB,1.0,0.0,10,,,DP-GB wins
Synthetic Blobs,1.0,DP-GB One-Ball,1.0,0.0,10,,0.0010523796081542969,DP-GB wins
Synthetic Blobs,1.0,DP-GB Multi-Ball,0.9986666666666666,0.002666666666666684,10,,,DP-GB wins
Synthetic Blobs,1.0,DP-k-means,1.0,0.0,10,,,DP-GB wins
Synthetic Blobs,1.0,DP-Logistic,1.0,0.0,10,,,DP-GB wins
Synthetic Blobs,1.0,DP-Naive Bayes,1.0,0.0,10,,,DP-GB wins
Synthetic Blobs,1.0,DP-kNN (k=5),0.5680000000000001,0.0537318444789597,10,,,DP-GB wins
Synthetic Blobs,2.0,Non-private GB,1.0,0.0,10,,,DP-GB wins
Synthetic Blobs,2.0,DP-GB One-Ball,1.0,0.0,10,,0.0010523796081542969,DP-GB wins
Synthetic Blobs,2.0,DP-GB Multi-Ball,0.998,0.004268749491621897,10,,,DP-GB wins
Synthetic Blobs,2.0,DP-k-means,1.0,0.0,10,,,DP-GB wins
Synthetic Blobs,2.0,DP-Logistic,0.434,0.026068286394689538,10,,,DP-GB wins
Synthetic Blobs,2.0,DP-Naive Bayes,1.0,0.0,10,,,DP-GB wins
Synthetic Blobs,2.0,DP-kNN (k=5),0.796,0.04002221605280969,10,,,DP-GB wins
Digits,0.1,Non-private GB,0.9014814814814814,0.010203686899226584,10,,,DP-GB wins
Digits,0.1,DP-GB One-Ball,0.10555555555555556,0.03271022543084388,10,,0.0028831958770751953,DP-GB wins
Digits,0.1,DP-GB Multi-Ball,0.1012962962962963,0.018201923352146637,10,,,DP-GB wins
Digits,0.1,DP-k-means,0.21037037037037037,0.05348743169936502,10,,,DP-GB wins
Digits,0.1,DP-Logistic,0.07870370370370369,0.008040108646700893,10,,,DP-GB wins
Digits,0.1,DP-Naive Bayes,0.09148148148148147,0.032087842395985895,10,,,DP-GB wins
Digits,0.1,DP-kNN (k=5),0.10462962962962963,0.011025907886373473,10,,,DP-GB wins
Digits,0.5,Non-private GB,0.9014814814814814,0.010203686899226584,10,,,DP-GB wins
Digits,0.5,DP-GB One-Ball,0.5383333333333333,0.06184214827409384,10,,0.0028831958770751953,DP-GB wins
Digits,0.5,DP-GB Multi-Ball,0.27037037037037037,0.06601014179883107,10,,,DP-GB wins
Digits,0.5,DP-k-means,0.12296296296296297,0.035603748203600766,10,,,DP-GB wins
Digits,0.5,DP-Logistic,0.08092592592592593,0.006781419786518726,10,,,DP-GB wins
Digits,0.5,DP-Naive Bayes,0.1287037037037037,0.03680715696492841,10,,,DP-GB wins
Digits,0.5,DP-kNN (k=5),0.15666666666666668,0.014749857593881388,10,,,DP-GB wins
Digits,1.0,Non-private GB,0.9014814814814814,0.010203686899226584,10,,,DP-GB wins
Digits,1.0,DP-GB One-Ball,0.8166666666666668,0.026423791084054748,10,,0.0028831958770751953,DP-GB wins
Digits,1.0,DP-GB Multi-Ball,0.4533333333333333,0.04261513091281136,10,,,DP-GB wins
Digits,1.0,DP-k-means,0.10185185185185183,1.3877787807814457e-17,10,,,DP-GB wins
Digits,1.0,DP-Logistic,0.08018518518518519,0.005241100628920336,10,,,DP-GB wins
Digits,1.0,DP-Naive Bayes,0.13999999999999999,0.029701302202727122,10,,,DP-GB wins
Digits,1.0,DP-kNN (k=5),0.23759259259259258,0.01398240124519457,10,,,DP-GB wins
Digits,2.0,Non-private GB,0.9014814814814814,0.010203686899226584,10,,,DP-GB wins
Digits,2.0,DP-GB One-Ball,0.8868518518518519,0.013236531317413642,10,,0.0028831958770751953,DP-GB wins
Digits,2.0,DP-GB Multi-Ball,0.5712962962962963,0.025556226507563645,10,,,DP-GB wins
Digits,2.0,DP-k-means,0.10351851851851852,0.004417355719213544,10,,,DP-GB wins
Digits,2.0,DP-Logistic,0.09444444444444444,0.007075915990571407,10,,,DP-GB wins
Digits,2.0,DP-Naive Bayes,0.19333333333333333,0.06980867445243882,10,,,DP-GB wins
Digits,2.0,DP-kNN (k=5),0.4564814814814815,0.017612074982385952,10,,,DP-GB wins
MNIST,0.1,Non-private GB,0.7958333333333334,0.009316949906249112,10,0.5625,,DP-kNN wins
MNIST,0.1,DP-GB One-Ball,0.1095,0.0016749792701868118,10,0.5625,0.012511014938354492,DP-kNN wins
MNIST,0.1,DP-GB Multi-Ball,0.10500000000000001,0.004346134936801764,10,0.5625,,DP-kNN wins
MNIST,0.1,DP-k-means,0.11699999999999999,0.011590225767142472,10,0.5625,,DP-kNN wins
MNIST,0.1,DP-Logistic,0.06183333333333334,0.005024937810560446,10,0.5625,,DP-kNN wins
MNIST,0.1,DP-Naive Bayes,0.11233333333333333,0.02207562758639793,10,0.5625,,DP-kNN wins
MNIST,0.1,DP-kNN (k=5),0.10533333333333332,0.00648930744464393,10,0.5625,,DP-kNN wins
MNIST,0.5,Non-private GB,0.7958333333333334,0.009316949906249112,10,0.5625,,DP-kNN wins
MNIST,0.5,DP-GB One-Ball,0.15633333333333332,0.03745960787598053,10,0.5625,0.012511014938354492,DP-kNN wins
MNIST,0.5,DP-GB Multi-Ball,0.11433333333333333,0.015726834816113932,10,0.5625,,DP-kNN wins
MNIST,0.5,DP-k-means,0.12983333333333336,0.03019795798835852,10,0.5625,,DP-kNN wins
MNIST,0.5,DP-Logistic,0.058666666666666666,0.006359594676112971,10,0.5625,,DP-kNN wins
MNIST,0.5,DP-Naive Bayes,0.10700000000000001,0.03735564809295168,10,0.5625,,DP-kNN wins
MNIST,0.5,DP-kNN (k=5),0.14733333333333334,0.0082731157639939,10,0.5625,,DP-kNN wins
MNIST,1.0,Non-private GB,0.7958333333333334,0.009316949906249112,10,0.5625,,DP-kNN wins
MNIST,1.0,DP-GB One-Ball,0.2626666666666667,0.058747103947532776,10,0.5625,0.012511014938354492,DP-kNN wins
MNIST,1.0,DP-GB Multi-Ball,0.1398333333333333,0.03085314678710531,10,0.5625,,DP-kNN wins
MNIST,1.0,DP-k-means,0.11766666666666666,0.01412641340027806,10,0.5625,,DP-kNN wins
MNIST,1.0,DP-Logistic,0.0605,0.006193634725354017,10,0.5625,,DP-kNN wins
MNIST,1.0,DP-Naive Bayes,0.092,0.02286190426597633,10,0.5625,,DP-kNN wins
MNIST,1.0,DP-kNN (k=5),0.22816666666666668,0.016422376333662694,10,0.5625,,DP-kNN wins
MNIST,2.0,Non-private GB,0.7958333333333334,0.009316949906249112,10,0.5625,,DP-kNN wins
MNIST,2.0,DP-GB One-Ball,0.5883333333333334,0.03099283071220753,10,0.5625,0.012511014938354492,DP-kNN wins
MNIST,2.0,DP-GB Multi-Ball,0.36816666666666664,0.026462237244798483,10,0.5625,,DP-kNN wins
MNIST,2.0,DP-k-means,0.11950000000000001,0.01840968947773608,10,0.5625,,DP-kNN wins
MNIST,2.0,DP-Logistic,0.06999999999999999,0.0072648315725677886,10,0.5625,,DP-kNN wins
MNIST,2.0,DP-Naive Bayes,0.10016666666666667,0.019082423559099847,10,0.5625,,DP-kNN wins
MNIST,2.0,DP-kNN (k=5),0.41483333333333333,0.017786542978080685,10,0.5625,,DP-kNN wins
Fashion-MNIST,0.1,Non-private GB,0.6995,0.02175686354029714,10,,,DP-kNN wins
Fashion-MNIST,0.1,DP-GB One-Ball,0.10700000000000001,0.0029627314724385316,10,,0.012571096420288086,DP-kNN wins
Fashion-MNIST,0.1,DP-GB Multi-Ball,0.10400000000000001,0.005587684871413404,10,,,DP-kNN wins
Fashion-MNIST,0.1,DP-k-means,0.24,0.041116366030518256,10,,,DP-kNN wins
Fashion-MNIST,0.1,DP-Logistic,0.06916666666666667,0.004232808366400099,10,,,DP-kNN wins
Fashion-MNIST,0.1,DP-Naive Bayes,0.09733333333333334,0.042825226210727714,10,,,DP-kNN wins
Fashion-MNIST,0.1,DP-kNN (k=5),0.10799999999999998,0.010349449797506686,10,,,DP-kNN wins
Fashion-MNIST,0.5,Non-private GB,0.6995,0.02175686354029714,10,,,DP-kNN wins
Fashion-MNIST,0.5,DP-GB One-Ball,0.19733333333333336,0.06455918903524803,10,,0.012571096420288086,DP-kNN wins
Fashion-MNIST,0.5,DP-GB Multi-Ball,0.176,0.06947501549318127,10,,,DP-kNN wins
Fashion-MNIST,0.5,DP-k-means,0.2368333333333333,0.02533607441311038,10,,,DP-kNN wins
Fashion-MNIST,0.5,DP-Logistic,0.06883333333333333,0.0044752405273658525,10,,,DP-kNN wins
Fashion-MNIST,0.5,DP-Naive Bayes,0.09316666666666666,0.026272609310839298,10,,,DP-kNN wins
Fashion-MNIST,0.5,DP-kNN (k=5),0.14183333333333334,0.015063753405664432,10,,,DP-kNN wins
Fashion-MNIST,1.0,Non-private GB,0.6995,0.02175686354029714,10,,,DP-kNN wins
Fashion-MNIST,1.0,DP-GB One-Ball,0.44349999999999995,0.06514279187548944,10,,0.012571096420288086,DP-kNN wins
Fashion-MNIST,1.0,DP-GB Multi-Ball,0.356,0.071153980133854,10,,,DP-kNN wins
Fashion-MNIST,1.0,DP-k-means,0.2145,0.029145706754550013,10,,,DP-kNN wins
Fashion-MNIST,1.0,DP-Logistic,0.0635,0.005449260908090605,10,,,DP-kNN wins
Fashion-MNIST,1.0,DP-Naive Bayes,0.08483333333333334,0.026556543449779,10,,,DP-kNN wins
Fashion-MNIST,1.0,DP-kNN (k=5),0.20483333333333334,0.012166666666666668,10,,,DP-kNN wins
Fashion-MNIST,2.0,Non-private GB,0.6995,0.02175686354029714,10,,,DP-kNN wins
Fashion-MNIST,2.0,DP-GB One-Ball,0.6501666666666667,0.028071832462056655,10,,0.012571096420288086,DP-kNN wins
Fashion-MNIST,2.0,DP-GB Multi-Ball,0.4795,0.03819576765384702,10,,,DP-kNN wins
Fashion-MNIST,2.0,DP-k-means,0.21833333333333335,0.0259379601699474,10,,,DP-kNN wins
Fashion-MNIST,2.0,DP-Logistic,0.06016666666666667,0.007433034373659251,10,,,DP-kNN wins
Fashion-MNIST,2.0,DP-Naive Bayes,0.11316666666666668,0.023786667600896844,10,,,DP-kNN wins
Fashion-MNIST,2.0,DP-kNN (k=5),0.37333333333333335,0.01795054935711501,10,,,DP-kNN wins
